SegmentID,Start_Segment,End_Segment
0,3.56,83.295
1,128.45049,142.57463
2,199.48999,255.1155
3,293.93475,460.00574
4,505.36002,657.8161
5,718.40247,846.00555
6,878.1259,1239.1858
