Cluster_Label,StageCluster,avg_turns,std_turns,sum_wordcount,avg_sentiment,std_sentiment,avg_contested,std_contested,typical_start_time,typical_end_time,avg_wordcount,avg_duration
High Conflict,0,57,2.6912532307431096,2990,0.1378902427305205,0.249238724705146,0.0015641765641765631,0.013447366689659224,357.46722321495724,374.013619302906,52.45614035087719,16.54639608794878
High Conflict,1,89,6.894867627156493,20177,0.11842618716263219,0.21632794532361804,0.28268023637825945,0.4472779039463352,554.1228314202918,565.3284360225589,226.7078651685393,11.205604602267044
High Conflict,2,104,6.018209239933529,24813,0.13270434875546525,0.2483588492127023,0.29332139845961575,0.45223335844323503,775.2875097340334,786.82393040579,238.58653846153845,11.53642067175656
High Conflict,3,150,3.6005184811820277,16615,0.08304863108764504,0.23531065600478399,0.436223077128781,0.4914270066071188,805.3808434577114,815.2479550211442,110.76666666666667,9.867111563432786
Low Conflict,0,18,2.3366378716458986,1590,0.18746888357544098,0.25114921202530666,0.001222857795657246,0.006066010532870743,81.40147546393443,94.68008693606558,88.33333333333333,13.278611472131146
Low Conflict,1,108,6.306228549499179,21319,0.15537338952374335,0.23582525620130007,0.33571408796399477,0.4701013788432214,679.1563622497821,690.8162096703704,197.39814814814815,11.659847420588335
Low Conflict,2,74,2.7147030880188985,9565,0.13010554786963496,0.22856077840478273,0.27597154796614237,0.44274857119245636,550.0686613624017,559.2076670630131,129.25675675675674,9.139005700611392
Low Conflict,3,166,1.8718177136678547,7735,0.13823564175848338,0.24730715972203485,0.3102949333339662,0.4594828535762047,858.6700479316206,865.4900966620554,46.596385542168676,6.820048730434792
